,Unnamed: 0,Unnamed: 0.1,accessibleTH,agence,alternance,appellationlibelle,competences,complementExercice,conditionExercice,contact,dateActualisation,dateCreation,deplacementCode,deplacementLibelle,description,dureeTravailLibelle,dureeTravailLibelleConverti,entreprise,experienceCommentaire,experienceExige,experienceLibelle,formations,id,intitule,langues,lieuTravail,natureContrat,nombrePostes,origineOffre,outilsBureautiques,permis,qualificationCode,qualificationLibelle,qualitesProfessionnelles,romeCode,romeLibelle,salaire,secteurActivite,secteurActiviteLibelle,trancheEffectifEtab,typeContrat,typeContratLibelle
0,0,0,False,,False,Conducteur / Conductrice de véhicules Super Lourds,"[{'exigence': 'E', 'libelle': 'carte conducteur'}, {'exigence': 'E', 'libelle': ' FIMO/FCO'}, {'code': '120376', 'exigence': 'S', 'libelle': ""Contrôler l'état de fonctionnement du véhicule""}, {'code': '124795', 'exigence': 'S', 'libelle': 'Définir un itinéraire en fonction des consignes de livraison'}, {'code': '110473', 'exigence': 'S', 'libelle': 'Organiser ou contrôler le chargement des marchandises dans le véhicule'}, {'code': '120377', 'exigence': 'S', 'libelle': ""Réaliser les opérations d'attelage""}, {'code': '110474', 'exigence': 'S', 'libelle': 'Vérifier la présence et la conformité des documents de bord et de transport'}]",,,"{'coordonnees1': 'Courriel : cv-fpotin@sbc-interim.fr', 'courriel': 'cv-fpotin@sbc-interim.fr', 'nom': 'SBC INTERIM - M. François Potin'}",,2020-01-15T09:12:33+01:00,,,"Vous aurez en charge la livraison de produits secs pour des supermarchés (1 à 2 livraisons par jour).
Le chargement s'effectue sur la plateforme à saint cesaire et les déchargement dans les magasins à quai avec un transpalette électrique sur la région Occitanie. 

Travail du lundi au samedi avec horaires variables.",35H Horaires normaux,Temps plein,"{'description': ""Spécialiste du recrutement et de l'intérim dans la région depuis plus de 20 ans !"", 'logo': 'https://entreprise.pole-emploi.fr/static/img/logos/Ltqf0usWxhibeLn1H9Lh7wWAKV5wIGU2.png', 'nom': 'SBC INTERIM'}",,E,2 ans,[],098CVPX,Conducteur / Conductrice de véhicules Super Lourds    (H/F),[],"{'codePostal': '30000', 'commune': '30189', 'latitude': 43.83694444, 'libelle': '30 - NIMES', 'longitude': 4.36}",Contrat travail,1,"{'origine': '1', 'partenaires': [], 'urlOrigine': 'https://candidat.pole-emploi.fr/offres/recherche/detail/098CVPX'}",,"[{'exigence': 'E', 'libelle': 'EC - Poids lourd + remorque Exigé'}]",6,Employé qualifié,,N4101,Conduite de transport de marchandises sur longue distance,"{'libelle': 'Horaire de 10,15 Euros sur 12 mois'}",78.0,Activités des agences de travail temporaire,3 à 5 salariés,MIS,Mission intérimaire - 6 Mois
1,1,1,False,{'courriel': 'entreprise.pic0010@pole-emploi.net'},False,Chef d'équipe gros oeuvre,"[{'code': '118365', 'exigence': 'S', 'libelle': 'Affecter le personnel sur des postes de travail'}, {'code': '117170', 'exigence': 'S', 'libelle': 'Coordonner les prestataires, fournisseurs, intervenants'}, {'code': '120648', 'exigence': 'S', 'libelle': ""Planifier l'activité du personnel""}, {'code': '123640', 'exigence': 'S', 'libelle': 'Présenter le chantier à un intervenant'}, {'code': '118772', 'exigence': 'S', 'libelle': ""Suivre l'état d'avancement des travaux jusqu'à réception""}]",,,"{'coordonnees1': '11 RUE Paul Vimereu\nCS80704', 'coordonnees2': '80142 ABBEVILLE', 'coordonnees3': 'Courriel : entreprise.pic0010@pole-emploi.net', 'nom': 'Pôle Emploi ABBEVILLE'}",,2020-01-15T09:10:40+01:00,,,"Axxis Intérim et Recrutement ABBEVILLE recrute pour l'un de ses clients, entreprise spécialisée dans la construction de bâtiment, des CHEFS D'EQUIPE H/F. Le dépôt est basé à Verton mais postes à pourvoir en GD. Postes à pourvoir pour début mars en CDI
Vos missions :
- Préparer le chantier en fonction des contraintes et des obstacles du terrain, puis repartir le travail
- Suivre l'avancement des travaux et en vérifier la qualité
- Assister à la réception des travaux à la fin du chantier 
- Veiller à la remise en état des abords
- Coordonner et contrôler les travaux de l'équipe 
Vous êtes à même de répondre à toutes les tâches inhérentes à ce métier et justifiez d'une expérience d'au moins 4 ans sur un poste similaire.
Capacité d'adaptation, organisation, gestion du stress, persévérance et travail en équipe sont indispensables pour ce poste.
Code agence : A8004
Si vous estimez posséder les compétences requises, merci de nous faire parvenir votre candidature.",39H Horaires normaux,Temps plein,{'nom': 'AXXIS INTERIM ET RECRUTEMENT'},,E,4 ans,[],098CVNQ,Chef d'équipe gros oeuvre (H/F),[],"{'codePostal': '62180', 'commune': '62849', 'latitude': 50.40222222, 'libelle': '62 - VERTON', 'longitude': 1.649444444}",Contrat travail,1,"{'origine': '1', 'partenaires': [], 'urlOrigine': 'https://candidat.pole-emploi.fr/offres/recherche/detail/098CVNQ'}",,,4,"Ouvrier qualifié (P3,P4,OHQ)","[{'description': 'Capacité à faire des choix pour agir, à prendre en charge son activité et à rendre compte, sans devoir être encadré de façon continue. Exemple : savoir faire des choix', 'libelle': 'Capacité de décision'}, {'description': 'Capacité à planifier, à prioriser, à anticiper des actions en tenant compte des moyens, des ressources, des objectifs et du calendrier pour les réaliser. Exemple : planifier, ordonner ses actions par priorité', 'libelle': 'Sens de l’organisation'}, {'description': 'Capacité à être proactif, à initier, à imaginer des propositions nouvelles pour résoudre les problèmes identifiés ou pour améliorer une situation. Exemple : proposer des améliorations, être positif et constructif', 'libelle': 'Force de proposition'}]",F1202,Direction de chantier du BTP,{'libelle': 'Annuel de 23000 Euros à 40000 Euros sur 12 mois'},78.0,Activités des agences de travail temporaire,,CDI,Contrat à durée indéterminée
2,2,2,False,,False,Ingénieur / Ingénieure génie civil,"[{'code': '118773', 'exigence': 'S', 'libelle': ""Contrôler la conformité des travaux jusqu'à réception""}, {'code': '117309', 'exigence': 'S', 'libelle': 'Établir un cahier des charges'}, {'code': '103208', 'exigence': 'S', 'libelle': 'Intervenir en génie civil'}, {'code': '103199', 'exigence': 'S', 'libelle': ""Superviser et contrôler l'exécution d'études, de documents et de plans de détails confiés aux bureaux d'études""}]",,,"{'coordonnees1': 'Courriel : ote.rh@ote.fr', 'courriel': 'ote.rh@ote.fr', 'nom': 'O.T.E. INGENIERIE - Mme ANNE HOFFER'}",,2020-01-15T09:10:17+01:00,2.0,Ponctuels National,"Liaisons hiérarchiques :
Vous travaillerez en autonomie et dépendrez du chef d'Agence au niveau hiérarchique et du chef du département Génie Civil du Siège au niveau Technique.


Missions :
Vos missions sont étendues à l'ensemble du domaine des Structures et du Génie Civil et comprennent plus particulièrement:
- la définition des projets quant aux structures.
- le pré-dimensionnement des ouvrages.
- la conception des ouvrages.
- la rédaction des spécifications et cahiers de charges.
- l'organisation du travail des projeteurs et dessinateurs.
- la supervision de l'exécution des plans et documents.
- le contrôle et la réception des travaux.
- la responsabilité d'études dans le domaine du Génie Civil.
- le cas échéant la fonction de Chef de Projet TCE.
- les relations avec les partenaires de la construction (Maîtres d'Ouvrages, Architectes, Bureaux de Contrôle, BET partenaires, Entreprises, etc...).

Statut :
Ingénieur Structures
IC (Ingénieurs, cadres)",37H Horaires normaux,Temps plein,"{'description': ""Créé en 1962, O.T.E. Ingénierie, Bureau d Études pluridisciplinaire, est une société d'ingénierie privée détenue principalement par une vingtaine d'associés actifs au sein de la société.\n\nForts de 200 collaborateurs, O.T.E. Ingénierie est identifié comme un spécialiste de la construction de bâtiments publics, tertiaires et industriels de haute technicité."", 'logo': 'https://entreprise.pole-emploi.fr/static/img/logos/c19515e97d8b45208a59086c4ce81400.png', 'nom': 'O.T.E. INGENIERIE', 'url': 'https://www.ote-ingenierie.com'}",,E,5 ans,"[{'codeFormation': '99999', 'commentaire': 'Pas de commentaire formation', 'exigence': 'E', 'niveauLibelle': 'Bac+5 et plus ou équivalents'}]",098CVNF,Ingénieur Structure Génie Civil                      (H/F),"[{'exigence': 'S', 'libelle': 'Allemand Bon Souhaité'}, {'exigence': 'S', 'libelle': 'Anglais Bon Souhaité'}]","{'codePostal': '68050', 'commune': '68224', 'latitude': 47.74861111, 'libelle': '68 - MULHOUSE', 'longitude': 7.339166666}",Contrat travail,1,"{'origine': '1', 'partenaires': [], 'urlOrigine': 'https://candidat.pole-emploi.fr/offres/recherche/detail/098CVNF'}",,,9,Cadre,"[{'description': 'Capacité à travailler et à se coordonner avec les autres au sein de l’entreprise en confiance et en transparence pour réaliser les objectifs fixés. Exemple : aider ses collègues, savoir demander de l’aide', 'libelle': 'Travail en équipe'}, {'description': 'Capacité à prendre en charge son activité sans devoir être encadré de façon continue. Exemple : travailler efficacement sans responsable', 'libelle': 'Autonomie'}, {'description': 'Capacité à planifier, à prioriser, à anticiper des actions en tenant compte des moyens, des ressources, des objectifs et du calendrier pour les réaliser. Exemple : planifier, ordonner ses actions par priorité', 'libelle': 'Sens de l’organisation'}]",F1106,Ingénierie et études du BTP,"{'complement1': 'Chèque repas', 'complement2': 'CE', 'libelle': 'Annuel de 36000,00 Euros à 42000,00 Euros sur 13 mois'}",71.0,"Ingénierie, études techniques",100 à 199 salariés,CDI,Contrat à durée indéterminée
3,3,3,False,{'courriel': 'ale.le-puy@pole-emploi.fr'},True,Conseiller commercial professionnel / Conseillère commerciale professionnelle secteur bancaire,"[{'code': '101563', 'exigence': 'S', 'libelle': ""Arrêter les termes d'un contrat""}, {'code': '122889', 'exigence': 'S', 'libelle': ""Collecter l'ensemble des justificatifs clients""}, {'code': '117344', 'exigence': 'S', 'libelle': 'Élaborer des propositions commerciales'}, {'code': '122193', 'exigence': 'S', 'libelle': ""Promouvoir un produit financier auprès d'une clientèle""}, {'code': '124230', 'exigence': 'S', 'libelle': ""Réaliser le bilan de la situation financière d'un client""}]",,,"{'coordonnees1': '5 RUE DES CHEVALIERS ST JEAN\nCS 70180', 'coordonnees2': '43009 LE PUY EN VELAY', 'coordonnees3': 'Courriel : ale.le-puy@pole-emploi.fr', 'nom': 'Pôle Emploi LE PUY EN VELAY'}",,2020-01-15T09:05:35+01:00,,,"Nous recherchons pour un de nos partenaires spécialisés en Banque, un(e) conseiller(iere) commercial(e) pour préparer un Bachelor Banque/Assurance en alternance. Vous serez deux jours en formation (Lundi, mardi) au Puy en Velay et le reste du temps en entreprise sur le secteur Haute Loire(plusieurs postes à pourvoir. 
Vos missions : Création et développement d'un portefeuille client, conseil auprès de la clientèle, phoning, action promotion.  Il sera dans un premier temps amené à recueillir, traiter et transmettre les informations liées aux contrats banquaire suite à des appels et/ou visite clients ainsi que diverses tâches administratives liées à la vie de la banque.  
Nous recherchons un profil dynamique ayant une réelle envie de monter en compétences. Notre volonté étant de lui apporter un large soutien aussi bien technique que commercial, en centre de formation mais également en entreprise.
Pour plus d'information , ne pas hésitez à nous contacter .melaine@dea.fr
",35H Horaires normaux,Temps plein,"{'description': 'DEA Formation vous reçoit en formation, dans le cadre de votre contrat en alternance (professionnalisation ou apprentissage)  sur le site de :\n\nLe Puy en Velay -49 rue de la Gazelle - 43000 - selon le lieu de votre contrat de travail pour les BTS -BAC ou BAC+3 Jours de formation : lundi mardi ou jeudi vendredi', 'logo': 'https://entreprise.pole-emploi.fr/static/img/logos/ace3ede1be134ff5b015dea9637f15fa.png', 'nom': 'DEA FORMATION', 'url': 'http://www.dea.fr'}",,D,Débutant accepté,"[{'codeFormation': '99999', 'commentaire': 'Pas de commentaire formation', 'exigence': 'E', 'niveauLibelle': 'Bac ou équivalent'}]",098CVJW,Conseiller commercial professionnel / Conseillère commercia (H/F),[],"{'codePostal': '43000', 'commune': '43157', 'latitude': 45.04333333, 'libelle': '43 - LE PUY EN VELAY', 'longitude': 3.884999999}",Contrat apprentissage,1,"{'origine': '1', 'partenaires': [], 'urlOrigine': 'https://candidat.pole-emploi.fr/offres/recherche/detail/098CVJW'}",,,2,Ouvrier spécialisé,,C1206,Gestion de clientèle bancaire,"{'commentaire': ""contrat d'apprentissage"", 'complement1': ""contrat d'apprentissage""}",71.0,"Ingénierie, études techniques",0 salarié,CDD,Contrat à durée déterminée - 24 Mois
4,4,4,False,,False,Menuisier / Menuisière,"[{'code': '124985', 'exigence': 'S', 'libelle': 'Assembler des sous-ensembles par procédé mécanique'}, {'code': '120068', 'exigence': 'S', 'libelle': 'Débiter des pièces de rotin ou de bois'}, {'code': '125576', 'exigence': 'S', 'libelle': 'Poser des éléments de quincaillerie'}, {'code': '120066', 'exigence': 'S', 'libelle': 'Réaliser des gabarits de fabrication'}]",,,"{'coordonnees1': 'Courriel : immigrationaquebec@gmail.com', 'courriel': 'immigrationaquebec@gmail.com', 'nom': 'Immigration-a-quebec.com - Mme Melinda LEZEAU'}",,2020-01-15T09:04:41+01:00,,,"Pour notre client spécialisé en béton préfabriqué architectural et structural à Lévis, nous sommes à la recherche de menuisiers.

Vous devrez :
 
-Fabriquer des moules;
-Mesurer et couper le matériel requis à l'aide de banc de scie ou autre pour la fabrication de moule en mélamine, contreplaqué, plastique, acier;
-Être en mesure de lire des dessins;
-Opérer des appareils de levage ou de ponts roulants;
-Effectuer les différentes tâches de préparation de coffrages, nettoyer, huiler et poser des pièces de fixations;  

Poste de jour du lundi au vendredi, 35 heures par semaine pour une rémunération commençant à 16$CAD/heure.
",35H Horaires normaux,Temps plein,"{'description': 'Cabinet de conseil et de recrutement\nImmigration-a-quebec.com est votre partenaire privilégié dans votre intégration, votre installation et surtout vos premiers pas au Québec.\nContact : Mme LEZEAU Immigration a québec <immigrationaquebec@gmail.com>', 'nom': 'Immigration-a-quebec.com'}",,E,6 mois,"[{'codeFormation': '22416', 'commentaire': 'Pas de commentaire formation', 'domaineLibelle': 'Menuiserie bois', 'exigence': 'E', 'niveauLibelle': 'CAP, BEP et équivalents'}]",098CVJG,Menuisiers IAQ (H/F),[],"{'libelle': 'Levis, QC, Canada'}",Contrat travail,1,"{'origine': '1', 'partenaires': [], 'urlOrigine': 'https://candidat.pole-emploi.fr/offres/recherche/detail/098CVJG'}",,,6,Employé qualifié,,H2206,Réalisation de menuiserie bois et tonnellerie,"{'commentaire': '16$CAD / heure', 'complement1': '16$CAD / heure'}",78.0,Activités des agences de placement de main-d'oeuvre,0 salarié,CDD,Contrat à durée déterminée - 24 Mois
5,5,5,False,,False,Conducteur / Conductrice de véhicules Super Lourds,"[{'exigence': 'E', 'libelle': 'carte conducteur'}, {'exigence': 'E', 'libelle': 'FIMO / FCO'}, {'code': '120376', 'exigence': 'S', 'libelle': ""Contrôler l'état de fonctionnement du véhicule""}, {'code': '124795', 'exigence': 'S', 'libelle': 'Définir un itinéraire en fonction des consignes de livraison'}, {'code': '110473', 'exigence': 'S', 'libelle': 'Organiser ou contrôler le chargement des marchandises dans le véhicule'}, {'code': '120377', 'exigence': 'S', 'libelle': ""Réaliser les opérations d'attelage""}, {'code': '110474', 'exigence': 'S', 'libelle': 'Vérifier la présence et la conformité des documents de bord et de transport'}]",,,"{'coordonnees1': 'Courriel : cv-fpotin@sbc-interim.fr', 'courriel': 'cv-fpotin@sbc-interim.fr', 'nom': 'SBC INTERIM - M. François Potin'}",,2020-01-15T09:04:16+01:00,,,"Vous aurez en charge la livraison de produits secs pour des supermarchés (1 à 2 livraisons par jour).
Le chargement s'effectue sur la plateforme (Nîmes ou Garons) et les déchargements dans les magasins à quai avec un transpalette électrique sur la région Occitanie. 

Travail du lundi au samedi avec horaires variables.

Mission d'intérim avec possibilité d'évolution de contrat de travail",35H Horaires normaux,Temps plein,"{'description': ""Spécialiste du recrutement et de l'intérim dans la région depuis plus de 20 ans !"", 'logo': 'https://entreprise.pole-emploi.fr/static/img/logos/Ltqf0usWxhibeLn1H9Lh7wWAKV5wIGU2.png', 'nom': 'SBC INTERIM'}",,E,2 ans,[],098CVHP,Conducteur / Conductrice de véhicules Super Lourds    (H/F),[],"{'codePostal': '30000', 'commune': '30189', 'latitude': 43.83694444, 'libelle': '30 - NIMES', 'longitude': 4.36}",Contrat travail,1,"{'origine': '1', 'partenaires': [], 'urlOrigine': 'https://candidat.pole-emploi.fr/offres/recherche/detail/098CVHP'}",,"[{'exigence': 'E', 'libelle': 'EC - Poids lourd + remorque Exigé'}]",4,"Ouvrier qualifié (P3,P4,OHQ)",,N4101,Conduite de transport de marchandises sur longue distance,"{'libelle': 'Horaire de 10,21 Euros sur 12 mois'}",78.0,Activités des agences de travail temporaire,3 à 5 salariés,MIS,Mission intérimaire - 6 Mois
6,6,6,False,{'courriel': 'recrutementgolfesttropez@pole-emploi.net'},False,Serveur / Serveuse en restauration,"[{'code': '104323', 'exigence': 'S', 'libelle': ""Accueillir le client à son arrivée au restaurant, l'installer à une table et lui présenter la carte""}, {'code': '124015', 'exigence': 'S', 'libelle': 'Débarrasser une table'}, {'code': '117933', 'exigence': 'S', 'libelle': 'Dresser les tables'}, {'code': '124014', 'exigence': 'S', 'libelle': 'Nettoyer une salle de réception'}, {'code': '117932', 'exigence': 'S', 'libelle': ""Réaliser la mise en place de la salle et de l'office""}]",,,"{'coordonnees1': 'CS 80083 98 RUE CARNOT', 'coordonnees2': '83310 COGOLIN', 'coordonnees3': 'Courriel : recrutementgolfesttropez@pole-emploi.net', 'nom': 'Pôle Emploi GOLFE ST TROPEZ'}",,2020-01-15T09:02:54+01:00,,,"Pour un restaurant traditionnel du Golfe de Saint-Tropez, vous effectuez le service des plats et participez à l'accueil de la clientèle.
Vous travaillez sur le service du midi et du soir (18h-23h30)

Poste NOURRI et LOGE





",35H Horaires normaux,Temps plein,{'nom': 'LE PIZZAIOLE'},,E,3 ans,[],098CVGV,chef de rang   (H/F),"[{'exigence': 'S', 'libelle': 'Anglais Bon Souhaité'}]","{'codePostal': '83240', 'commune': '83036', 'latitude': 43.17111111, 'libelle': '83 - CAVALAIRE SUR MER', 'longitude': 6.529166666}",Contrat travail,1,"{'origine': '1', 'partenaires': [], 'urlOrigine': 'https://candidat.pole-emploi.fr/offres/recherche/detail/098CVGV'}",,,6,Employé qualifié,,G1803,Service en restauration,"{'commentaire': '1900€ nets / à négocier', 'complement1': '1900€ nets / à négocier'}",56.0,Restauration traditionnelle,10 à 19 salariés,CDD,Contrat à durée déterminée - 9 Mois
7,7,7,False,,False,Coiffeur / Coiffeuse,"[{'code': '101901', 'exigence': 'S', 'libelle': ""Accueillir le client et l'installer""}, {'code': '101904', 'exigence': 'S', 'libelle': 'Couper les cheveux (dégradés, effilés, piquetés)'}, {'code': '101909', 'exigence': 'S', 'libelle': 'Diagnostic capillaire'}, {'code': '101902', 'exigence': 'S', 'libelle': 'Identifier la coiffure attendue (coupe, coloration, traitement, ...) et conseiller le client (morphologie, implantation des cheveux, ...)'}, {'code': '114126', 'exigence': 'S', 'libelle': 'Préparer et appliquer des produits colorants, décolorants (mèches, ...)'}, {'code': '101905', 'exigence': 'S', 'libelle': 'Procéder à la mise en forme ou en volume des cheveux (enroulement, bouclage, brushing, ...), au coiffage, à la fixation ou brillance (laque, gel, ...)'}, {'code': '101903', 'exigence': 'S', 'libelle': 'Réaliser le diagnostic capillaire, les préparations du lavage et le shampoing'}, {'code': '101915', 'exigence': 'S', 'libelle': ""Techniques de décoloration, de coloration de cheveux (contraste, ton sur ton, d'oxydation, ...)""}, {'exigence': 'S', 'libelle': 'coloriste'}]",,,"{'coordonnees1': 'Courriel : immigrationaquebec@gmail.com', 'courriel': 'immigrationaquebec@gmail.com', 'nom': 'Immigration-a-quebec.com - Mme Melinda LEZEAU'}",,2020-01-15T08:58:42+01:00,,,"Vous devez maitriser  
Les coupes;
-Les couleurs et mèches
-Les séchages et brushing

Expérience requise : 3 ans
Diplôme exigé BEP Coiffure

Emploi à temps plein de jour et de soir. 
vous serez en poste dans l'un des 4 salons de l'enseigne, tous dans la ville de Québec.

Rémunération 12$/h, + 35% sur le chiffre d'affaire et 10% sur les ventes + pourboires.


",35H Horaires normaux,Temps plein,"{'description': 'Cabinet de conseil et de recrutement\nImmigration-a-quebec.com est votre partenaire privilégié dans votre intégration, votre installation et surtout vos premiers pas au Québec.\nContact : Mme LEZEAU Immigration a québec <immigrationaquebec@gmail.com>', 'nom': 'Immigration-a-quebec.com'}",,E,3 ans,"[{'codeFormation': '42061', 'commentaire': 'Pas de commentaire formation', 'domaineLibelle': 'Spécialisation coiffure', 'exigence': 'E', 'niveauLibelle': 'CAP, BEP et équivalents'}]",098CVDB,Coiffeur / Coiffeuse IAQ (H/F),[],"{'libelle': 'Ville de Québec, QC, Canada'}",Contrat travail,1,"{'origine': '1', 'partenaires': [], 'urlOrigine': 'https://candidat.pole-emploi.fr/offres/recherche/detail/098CVDB'}",,,6,Employé qualifié,"[{'description': 'Capacité à planifier, à prioriser, à anticiper des actions en tenant compte des moyens, des ressources, des objectifs et du calendrier pour les réaliser. Exemple : planifier, ordonner ses actions par priorité', 'libelle': 'Sens de l’organisation'}]",D1202,Coiffure,"{'commentaire': '12 $CAD / h +pourboires', 'complement1': '12 $CAD / h +pourboires'}",78.0,Activités des agences de placement de main-d'oeuvre,0 salarié,CDI,Contrat à durée indéterminée
8,8,8,False,,False,Mécanicien / Mécanicienne poids lourds,"[{'code': '107046', 'exigence': 'S', 'libelle': 'Changer ou réparer les moteurs, boîtes de vitesse, embrayages, suspensions, démarreurs'}, {'code': '118361', 'exigence': 'S', 'libelle': 'Détecter les dysfonctionnements du véhicule et des équipements'}, {'code': '118362', 'exigence': 'S', 'libelle': 'Déterminer une solution technique de remise en état du véhicule et des équipements'}, {'code': '116797', 'exigence': 'S', 'libelle': 'Intervention de service rapide'}, {'code': '116708', 'exigence': 'S', 'libelle': ""Procédures d'entretien de véhicules""}]",,,"{'coordonnees1': 'Courriel : immigrationaquebec@gmail.com', 'courriel': 'immigrationaquebec@gmail.com', 'nom': 'Immigration-a-quebec.com - Mme Melinda LEZEAU'}",,2020-01-15T08:56:06+01:00,,,"Pour notre client, installé à Lévis et spécialisé en transport longue distance nous sommes à la recherche de mécaniciens poids lourds pour l'entretien des camions.
-Réparer les éléments défectueux de divers systèmes au niveau des véhicules lourds de l'entreprise (exemple : DPF, système électronique et électrique etc..)
-Faire des inspections préventives, mécanique générale sur camion et remorque
-Faire de la soudure (exemples : aluminium, acier, etc..)
-Réparer et calibrer des systèmes pneumatiques
-Effectuer les autres tâches connexes pouvant s'ajouter à cette description.

",40H Horaires normaux,Temps plein,"{'description': 'Cabinet de conseil et de recrutement\nImmigration-a-quebec.com est votre partenaire privilégié dans votre intégration, votre installation et surtout vos premiers pas au Québec.\nContact : Mme LEZEAU Immigration a québec <immigrationaquebec@gmail.com>', 'nom': 'Immigration-a-quebec.com'}",,E,2 ans,"[{'codeFormation': '23637', 'commentaire': 'en véhicule lourds', 'domaineLibelle': 'Mécanique automobile', 'exigence': 'E', 'niveauLibelle': 'CAP, BEP et équivalents'}]",098CVCF,Mécanicien / Mécanicienne poids lourds IAQ (H/F),[],"{'libelle': 'Levis, QC, Canada'}",Contrat travail,1,"{'origine': '1', 'partenaires': [], 'urlOrigine': 'https://candidat.pole-emploi.fr/offres/recherche/detail/098CVCF'}",,,6,Employé qualifié,,I1604,Mécanique automobile et entretien de véhicules,"{'commentaire': 'à partir de 25$CAD/hr', 'complement1': 'à partir de 25$CAD/hr'}",78.0,Activités des agences de placement de main-d'oeuvre,0 salarié,CDI,Contrat à durée indéterminée
9,9,9,False,,False,Orthoptiste,"[{'code': '107558', 'exigence': 'S', 'libelle': ""Cerner le type de dysfonctionnements (strabisme, non convergence), les difficultés (maux de tête, vision double) et l'environnement du patient""}, {'code': '107561', 'exigence': 'S', 'libelle': ""Concevoir le programme de la séance d'orthoptie et adapter les exercices selon les réactions du patient""}, {'code': '107560', 'exigence': 'S', 'libelle': ""Concevoir le projet de rééducation ou de réadaptation orthoptique et arrêter les conditions d'intervention selon la situation du patient""}, {'code': '107559', 'exigence': 'S', 'libelle': 'Déterminer le besoin de rééducation orthoptique à partir de tests et informer le patient'}, {'code': '107477', 'exigence': 'S', 'libelle': ""Réaliser le bilan de fin de rééducation avec la personne et échanger des informations avec le médecin, l'enseignant, ...""}]",Horaires adaptables,,"{'commentaire': 'accompagné des photocopîes de vos diplômes', 'coordonnees2': '44 AV JEAN JAURES BP 80180', 'coordonnees3': '18200 ST AMAND MONTROND', 'nom': 'CENTRE HOSPITALIER SAINT AMAND MONTRON - Mme fatiha zidane'}",,2020-01-15T08:55:00+01:00,,,"MISSION GENERALE DU POSTE:
Elaborer un diagnostic, dépister, évaluer, rééduquer, réadapter et explorer les troubles et déficiences de la vision d'une personne.
Réaliser des bilans orthoptiques, des actes et des techniques d'exploration, de rééducation et de réadaptation orthoptique.

ACTIVITES DU POSTE:
-Education thérapeutique dans le domaine de l'orthoptie auprès du patient et de son entourage
-Formation et information de nouveaux personnels et stagiaires
-Organisation des activités et gestion des ressources
-Prévention et dépistage des troubles visuels
-Réalisation de bilans en vue du diagnostic orthoptique et réalisation d'explorations fonctionnelles
-Réalisation de soins, de traitements orthoptiques individuels et d'actes techniques
-Réalisation de travaux de recherche en orthoptie
-Veille professionnelle et évolution des pratiques professionnelles

Votre contrat est à la fois public et privé.
",35H Horaires variables,Temps plein,{'nom': 'CENTRE HOSPITALIER SAINT AMAND MONTRON'},souhaitée,E,1 an - souhaitée,"[{'codeFormation': '43405', 'commentaire': ""Certificat de capacité d'orthoptie"", 'domaineLibelle': 'Orthoptie', 'exigence': 'E', 'niveauLibelle': 'Bac+3, Bac+4 ou équivalents'}]",098CVBP,Orthoptiste,[],"{'codePostal': '18200', 'commune': '18197', 'latitude': 46.72277778, 'libelle': '18 - ST AMAND MONTROND', 'longitude': 2.505}",Contrat travail,1,"{'origine': '1', 'partenaires': [], 'urlOrigine': 'https://candidat.pole-emploi.fr/offres/recherche/detail/098CVBP'}",,,7,Technicien,,J1407,Orthoptique,"{'commentaire': '+ mutuelle + plan épargne entreprise', 'complement1': '+ mutuelle + plan épargne entreprise', 'libelle': 'Mensuel de 2000 Euros sur 12 mois'}",86.0,Activités hospitalières,500 à 999 salariés,CDI,Contrat à durée indéterminée
10,10,10,False,,False,Agent / Agente de maintenance industrielle,"[{'code': '123315', 'exigence': 'S', 'libelle': 'Analyser des données de maintenance'}, {'code': '124333', 'exigence': 'S', 'libelle': 'Changer une pièce défectueuse'}, {'code': '102717', 'exigence': 'S', 'libelle': 'Electricité'}, {'code': '124200', 'exigence': 'S', 'libelle': 'Habilitations électriques de travaux hors tension'}, {'code': '124201', 'exigence': 'S', 'libelle': 'Habilitations électriques de travaux sous tension'}, {'code': '124739', 'exigence': 'S', 'libelle': 'Identifier les composants et les pièces défectueuses'}, {'code': '103070', 'exigence': 'S', 'libelle': 'Lecture de plan, de schéma'}, {'code': '106715', 'exigence': 'S', 'libelle': ""Localiser la panne sur l'installation de production ou d'exploitation et déterminer les solutions techniques et les conditions de remise en état de l'équipement""}, {'code': '104514', 'exigence': 'S', 'libelle': 'Mécanique'}, {'code': '123770', 'exigence': 'S', 'libelle': ""Réaliser le montage d'équipements industriels ou d'exploitation""}, {'code': '106714', 'exigence': 'S', 'libelle': ""Réaliser les réglages de mise au point de l'équipement industriel ou d'exploitation et contrôler son fonctionnement""}, {'code': '124184', 'exigence': 'S', 'libelle': 'Réaliser une intervention nécessitant une habilitation'}, {'code': '125816', 'exigence': 'S', 'libelle': 'Réaliser une opération de maintenance'}, {'code': '120277', 'exigence': 'S', 'libelle': 'Régler les paramètres des machines et des équipements'}, {'code': '100017', 'exigence': 'S', 'libelle': 'Règles de sécurité'}, {'code': '123301', 'exigence': 'S', 'libelle': 'Réparer une pièce défectueuse'}, {'code': '117575', 'exigence': 'S', 'libelle': 'Suivre les données de maintenance'}]",,,"{'coordonnees1': 'Courriel : heloise.launay@qualipac.fr', 'courriel': 'heloise.launay@qualipac.fr', 'nom': 'CHEZ POCHET SA - Mme Amélie COUE'}",,2020-01-15T08:54:49+01:00,,,"Rattaché (e) au Responsable Maintenance et Travaux neufs et au sein d'une équipe de 6 personnes vous êtes en charge de la réalisation de travaux de maintenance industriels au quotidiens. À ce titre, vos missions seront :
-	Réaliser les interventions préventives et curatives des équipements en respectant les consignes de sécurité,
-	Détecter l'origine d'une panne, établir un diagnostic en suivant des processus logiques et méthodologiques,
-	Dépanner dans les meilleurs délais toute défaillance en apportant une analyse précise suivie d'un rapport de panne auprès de son responsable,
-	Changer ou réparer les pièces, organes défectueux et procéder aux essais et réglages,
-	Proposer des améliorations pour optimiser la sécurité et la performance de nos outils de production.

Vous réalisez ces missions dans un environnement varié et polyvalent : automatisés, presses mécaniques, chaines de traitement de surface, robotique...",35H Horaires normaux,Temps plein,"{'description': ""QUALIPAC Aluminium, filiale de la société familiale POCHET, conçoit et fabrique des produits de packaging haut de gamme pour le secteur du Luxe (parfumerie, soin et maquillage).\n\nSon site de Saint Saturnin du Limet (entre Laval et Châteaubriant), 170 personnes,  fabrique une diversité renommée de solutions de packaging à base d'aluminium et pour des clients prestigieux (Chanel, Dior, Hermès, Cartier, Guerlain, Givenchy...)."", 'nom': 'CHEZ POCHET SA'}",,E,2 ans,[],098CVBN,Agent / Agente de maintenance industrielle (H/F),[],"{'codePostal': '53800', 'commune': '53253', 'latitude': 47.81194444, 'libelle': '53 - ST SATURNIN DU LIMET', 'longitude': -1.068055554}",Contrat travail,1,"{'origine': '1', 'partenaires': [], 'urlOrigine': 'https://candidat.pole-emploi.fr/offres/recherche/detail/098CVBN'}",,,3,"Ouvrier qualifié (P1,P2)","[{'description': 'Capacité à travailler et à se coordonner avec les autres au sein de l’entreprise en confiance et en transparence pour réaliser les objectifs fixés. Exemple : aider ses collègues, savoir demander de l’aide', 'libelle': 'Travail en équipe'}, {'description': 'Capacité à prendre en charge son activité sans devoir être encadré de façon continue. Exemple : travailler efficacement sans responsable', 'libelle': 'Autonomie'}, {'description': 'Capacité à respecter les règles et codes de l’entreprise; à réaliser des tâches en suivant avec précision les procédures et instructions fournies ; à transmettre des informations avec exactitude. Exemple : être ponctuel, respecter les engagements, résister à la distraction', 'libelle': 'Rigueur'}]",I1304,Installation et maintenance d'équipements industriels et d'exploitation,"{'commentaire': 'Selon le profil du candidat', 'complement1': 'Selon le profil du candidat'}",25.0,Fabrication d'emballages métalliques légers,0 salarié,CDI,Contrat à durée indéterminée
11,11,11,False,,False,Chauffeur / Chauffeuse de poids lourd,"[{'code': '120376', 'exigence': 'S', 'libelle': ""Contrôler l'état de fonctionnement du véhicule""}, {'code': '124795', 'exigence': 'S', 'libelle': 'Définir un itinéraire en fonction des consignes de livraison'}, {'code': '110473', 'exigence': 'S', 'libelle': 'Organiser ou contrôler le chargement des marchandises dans le véhicule'}, {'code': '120377', 'exigence': 'S', 'libelle': ""Réaliser les opérations d'attelage""}, {'code': '110474', 'exigence': 'S', 'libelle': 'Vérifier la présence et la conformité des documents de bord et de transport'}]",,,"{'coordonnees1': 'Courriel : immigrationaquebec@gmail.com', 'courriel': 'immigrationaquebec@gmail.com', 'nom': 'Immigration-a-quebec.com - Mme Melinda LEZEAU'}",,2020-01-15T08:54:25+01:00,,,"Pour notre client, installé à Lévis et spécialisé en transport longue distance nous sommes à la recherche de chauffeurs poids lourds longue distance.
Transport en semi-remorque type plateau (flatbed), tôte-liner (remorque à rideau), remorque à ferraille (chaudronne).
- Départ à la semaine, véhicule attitré, Tracteur récent grande cabine.
- Adopter un comportement sécuritaire au travail.
- Avoir le souci d'offrir un bon service à la clientèle.
- Être autonome, débrouillard, responsable et professionnalisme.
- Ce poste demande de la manipulation de toiles, de courroies, etc., et toutes autres tâches reliées au poste.
- Inspection quotidienne du véhicule assigné et rapport de toute anomalie.
",40H Horaires normaux,Temps plein,"{'description': 'Cabinet de conseil et de recrutement\nImmigration-a-quebec.com est votre partenaire privilégié dans votre intégration, votre installation et surtout vos premiers pas au Québec.\nContact : Mme LEZEAU Immigration a québec <immigrationaquebec@gmail.com>', 'nom': 'Immigration-a-quebec.com'}",en conduite de véhicule lourds,E,2 ans - en conduite de véhicule lourds,[],098CVBK,Chauffeur / Chauffeuse de poids lourd IAQ (H/F),[],"{'libelle': 'Levis, QC, Canada'}",Contrat travail,1,"{'origine': '1', 'partenaires': [], 'urlOrigine': 'https://candidat.pole-emploi.fr/offres/recherche/detail/098CVBK'}",,"[{'exigence': 'E', 'libelle': 'EC - Poids lourd + remorque Exigé'}]",6,Employé qualifié,,N4101,Conduite de transport de marchandises sur longue distance,"{'commentaire': 'à partir de 18$CAD/hr', 'complement1': 'à partir de 18$CAD/hr'}",78.0,Activités des agences de placement de main-d'oeuvre,0 salarié,CDI,Contrat à durée indéterminée
12,12,12,False,,False,Électromécanicien / Électromécanicienne de maintenance industrielle,"[{'code': '124333', 'exigence': 'E', 'libelle': 'Changer une pièce défectueuse'}, {'code': '124739', 'exigence': 'E', 'libelle': 'Identifier les composants et les pièces défectueuses'}, {'code': '106715', 'exigence': 'E', 'libelle': ""Localiser la panne sur l'installation de production ou d'exploitation et déterminer les solutions techniques et les conditions de remise en état de l'équipement""}, {'code': '104514', 'exigence': 'E', 'libelle': 'Mécanique'}, {'code': '123770', 'exigence': 'E', 'libelle': ""Réaliser le montage d'équipements industriels ou d'exploitation""}, {'code': '106714', 'exigence': 'E', 'libelle': ""Réaliser les réglages de mise au point de l'équipement industriel ou d'exploitation et contrôler son fonctionnement""}, {'code': '123301', 'exigence': 'E', 'libelle': 'Réparer une pièce défectueuse'}, {'code': '100286', 'exigence': 'E', 'libelle': 'Techniques de soudure'}, {'code': '119506', 'exigence': 'S', 'libelle': 'Logiciels de Gestion de Maintenance Assistée par Ordinateur (GMAO)'}]",heures supplémentaires,,"{'coordonnees1': 'Courriel : emilie.barlet@cofruidoc.fr', 'courriel': 'emilie.barlet@cofruidoc.fr', 'nom': 'SOC COOPERATIVE AGRICOLE COFRUID OC - Mme Barlet'}",,2020-01-15T08:54:02+01:00,,,"Intervenir rapidement et de façon efficace sur les pannes en maintenance curative
- Assurer le maintien en état de l'outil de production, en respectant les règles de sécurité et d'hygiène
- Planifier et participer activement à la maintenance préventive
- Faire appel si besoin à des prestataires de service et encadrer leur intervention
- Être force de propositions liées aux process et à la prévention des dysfonctionnements
- Enregistrer les interventions sur la GMAO
- Participer à des réglages ou certains changements de formats machine
- Participer à l'entretien et à la maintenance des bâtiments et locaux
Profil recherché : Bon niveau en automatisme, électricité et mécanique
Vous démontrez de réelles capacités d'adaptation sur différents équipements.
En journée ou en 2*7 suivant l'activité
Entreprise a mis en place de procédures de protection (plexiglas, gel hydroalcoolique, distance de sécurité...)",35H Horaires normaux,Temps plein,{'nom': 'SOC COOPERATIVE AGRICOLE COFRUID OC'},,E,3 ans,"[{'codeFormation': '24052', 'commentaire': 'Pas de commentaire formation', 'domaineLibelle': 'Electromécanique', 'exigence': 'S', 'niveauLibelle': 'Bac+2 ou équivalents'}, {'codeFormation': '24052', 'commentaire': 'Pas de commentaire formation', 'domaineLibelle': 'Electromécanique', 'exigence': 'E', 'niveauLibelle': 'Bac ou équivalent'}]",098CVBH,Technicien(ne) maintenance electromecanicien(ne) (H/F),[],"{'codePostal': '34400', 'commune': '34272', 'latitude': 43.65722222, 'libelle': '34 - ST JUST', 'longitude': 4.113888888}",Contrat travail,1,"{'origine': '1', 'partenaires': [], 'urlOrigine': 'https://candidat.pole-emploi.fr/offres/recherche/detail/098CVBH'}",,,7,Technicien,,I1304,Installation et maintenance d'équipements industriels et d'exploitation,{'libelle': 'Horaire de 12 Euros'},46.0,Commerce de gros (commerce interentreprises) de fruits et légumes,100 à 199 salariés,CDD,Contrat à durée déterminée - 3 Mois
13,13,13,False,,False,Assembleur / Assembleuse d'ouvrages en bois et matériaux associés,"[{'code': '104871', 'exigence': 'S', 'libelle': 'Positionner préalablement les pièces, éléments, sous-ensembles (assises, montants, ...), après traçages (épures, emplacements, ...)'}, {'code': '104874', 'exigence': 'S', 'libelle': 'Vérifier la conformité du montage/assemblage (aspect, stabilité, équerrage, jeu, ...) et procéder aux ajustements (resserrage final, maintien, ...)'}]",,,,,2020-01-15T08:51:53+01:00,,,"Notre client spécialisé dans le secteur de la construction de maisons à ossature bois est à la recherche d'un assembleur de murs préfabriqués pour travailler dans son usine située à St-Georges de Beauce. Vous devrez:
-	Préparer les composantes de fabrication
-	Effectuer l'assemblage de murs préfabriqués ou de fermes de toit
-	Effectuer toutes autres tâches connexes reliées au poste
Il s'agit d'un poste à temps plein, 35 h/semaine, rémunération à partir de 16,90$CAN/heure selon expérience
",30H Horaires irréguliers,Temps partiel,{'nom': 'Immigration-a-quebec.com'},,E,6 mois,[],098CTZH,assembleur de murs préfabriqués maisons ossature bois IAQ H/F,[],"{'libelle': 'St Georges de Beauce, QC, Canada'}",Contrat travail,1,"{'origine': '1', 'partenaires': [], 'urlOrigine': 'https://candidat.pole-emploi.fr/offres/recherche/detail/098CTZH'}",,,6,Employé qualifié,,H2201,Assemblage d'ouvrages en bois,"{'commentaire': '16,90$CAN', 'complement1': '16,90$CAN'}",78.0,Activités des agences de placement de main-d'oeuvre,,CDI,Contrat à durée indéterminée
14,14,14,False,{'courriel': 'ape.14033@pole-emploi.fr'},False,Cariste manutentionnaire,"[{'code': '119849', 'exigence': 'S', 'libelle': 'Charger des marchandises, des produits'}, {'code': '119848', 'exigence': 'S', 'libelle': 'Décharger des marchandises, des produits'}, {'code': '114765', 'exigence': 'S', 'libelle': 'Déplacer des produits vers la zone de stockage'}, {'code': '109987', 'exigence': 'S', 'libelle': ""Sélectionner et préparer l'engin de manutention, selon les caractéristiques des produits et les conditions de déplacement""}]",,,"{'coordonnees1': ""71 RUE D'AUNAY\nCS30045"", 'coordonnees2': '14502 VIRE', 'coordonnees3': 'Courriel : ape.14033@pole-emploi.fr', 'nom': 'Pôle Emploi VIRE'}",,2020-01-15T08:51:30+01:00,,,"Nous recrutons pour l'un de nos client spécialisé dans la logistique.
Vous aurez pour missions :
- Charger et décharger les camions
- Stocker et déstocker les marchandises
- Trier et palettiser les marchandises
- Aide à la gestion administrative de l'entrepôt
- Selon les besoins, vous pouvez être amené à préparer les commandes selon un bon de préparation ou en commande dictée en vocal.
Informations complémentaires : 
- Travail dans un environnement froid négatif (-25°) et froid positif (+4°) 
-  Port de charges lourdes
Profil :
- Être titulaire des CACES 1 3 5 et maîtriser la conduite d'engins
- Connaitre la préparation de commande vocale 
- Être rigoureux, faire preuve d'adresse et de prudence ainsi que d'esprit d'équipe
",35H Horaires normaux,Temps plein,"{'description': ""Décroche le job Adéquat !\nAdéquat t'accompagne dans ta recherche d'emploi (intérim, CDD, CDI) et te propose + de 5000 jobs dans tous les secteurs d'activité : Industrie, Logistique, Transport, Bâtiment Travaux Public, Tertiaire \nAdéquat c'est + de 260 agences en France et une identité forte : simplicité et proximité\nRetrouve toutes nos offres d'emplois sur lejobadequat.com et candidate facilement avec ou sans CV ou inscris-toi à notre CVthèque pour être visible auprès de nos 1000 recruteurs"", 'nom': 'ADEQUAT INTERIM', 'url': 'https://www.lejobadequat.com'}",,S,6 mois,[],098CTZC,Cariste manutentionnaire,[],"{'codePostal': '14310', 'commune': '14752', 'latitude': 49.07888889, 'libelle': '14 - VILLERS BOCAGE', 'longitude': -0.656388888}",Contrat travail,1,"{'origine': '1', 'partenaires': [], 'urlOrigine': 'https://candidat.pole-emploi.fr/offres/recherche/detail/098CTZC'}",,,5,Employé non qualifié,,N1101,Conduite d'engins de déplacement des charges,"{'libelle': 'Mensuel de 1540,00 Euros à 1650,00 Euros sur 12 mois'}",78.0,Activités des agences de travail temporaire,0 salarié,MIS,Mission intérimaire - 3 Mois
15,15,15,False,,False,Pâtissier / Pâtissière de restaurant,"[{'code': '124933', 'exigence': 'S', 'libelle': 'Doser des ingrédients culinaires'}, {'code': '124935', 'exigence': 'S', 'libelle': 'Dresser des plats pour le service'}, {'code': '124629', 'exigence': 'S', 'libelle': 'Entretenir un outil ou matériel'}, {'code': '124548', 'exigence': 'S', 'libelle': 'Entretenir un poste de travail'}]",,,"{'coordonnees1': 'Courriel : immigrationaquebec@gmail.com', 'courriel': 'immigrationaquebec@gmail.com', 'nom': 'Immigration-a-quebec.com - Mme Melinda LEZEAU'}",,2020-01-15T08:50:09+01:00,,,"Un poste de chef/cheffe Pâtissier/e de jour est présentement à combler au sein d'un très gros restaurant Lounge à Lévis. 

- Produire & créer les desserts du jour, desserts à la carte & pâtisseries
- Élaborer de nouveaux desserts chaque mois pour le menu table d'hôte selon les produits de saison
- Assurer la diversité et la qualité des produits à vendre au comptoir
- Compléter les registres de production (date et heure, quantité, ingrédients, etc.)
- Maîtriser les connaissance en pâtisserie et décoration de gâteau
- Assurer la rotation afin de minimiser le gaspillage et recycler 
- Communiquer avec la direction
- Préparer les produits en maintenant les standards de qualités de manière constante

- 5 ans d'expérience pertinente en pâtisserie minimum
- CAP en pâtisserie ou autre diplôme pertinent

Poste à temps plein, 40h/semaine, rémunération à partir de 55 000$CAN/an.",40H Autre,Temps plein,"{'description': 'Cabinet de conseil et de recrutement\nImmigration-a-quebec.com est votre partenaire privilégié dans votre intégration, votre installation et surtout vos premiers pas au Québec.\nContact : Mme LEZEAU Immigration a québec <immigrationaquebec@gmail.com>', 'nom': 'Immigration-a-quebec.com'}",,E,5 ans,"[{'codeFormation': '21528', 'commentaire': 'ou autre diplome pertinent', 'domaineLibelle': 'Pâtisserie', 'exigence': 'E', 'niveauLibelle': 'CAP, BEP et équivalents'}]",098CTXR,chef pâtissier IAQ  (H/F),[],"{'libelle': 'Levis, QC, Canada'}",Contrat travail,1,"{'origine': '1', 'partenaires': [], 'urlOrigine': 'https://candidat.pole-emploi.fr/offres/recherche/detail/098CTXR'}",,,6,Employé qualifié,,G1602,Personnel de cuisine,"{'commentaire': '55 000$CAN/an', 'complement1': '55 000$CAN/an'}",78.0,Activités des agences de placement de main-d'oeuvre,0 salarié,CDI,Contrat à durée indéterminée
16,16,16,False,,False,Ostréiculteur / Ostréicultrice (huîtres),"[{'code': '122001', 'exigence': 'E', 'libelle': 'Engins agricoles'}, {'exigence': 'E', 'libelle': 'certificat de navigation marine ouvrier niveau 1'}, {'code': '122713', 'exigence': 'S', 'libelle': ""Ajuster le niveau d'un plan d'eau""}, {'code': '119210', 'exigence': 'S', 'libelle': 'Assurer une maintenance de premier niveau'}, {'code': '100215', 'exigence': 'S', 'libelle': 'Circuits de distribution commerciale'}, {'code': '121752', 'exigence': 'S', 'libelle': ""Commercialiser les produits d'une exploitation""}, {'code': '123092', 'exigence': 'S', 'libelle': 'Conchyliologie'}, {'code': '117482', 'exigence': 'S', 'libelle': 'Conditionner un produit'}, {'code': '102359', 'exigence': 'S', 'libelle': ""Coordonner l'activité d'une équipe""}, {'code': '122280', 'exigence': 'S', 'libelle': 'Élevage'}, {'code': '124888', 'exigence': 'S', 'libelle': 'Entretenir des équipements'}, {'code': '122703', 'exigence': 'S', 'libelle': ""Identifier un lieu d'intervention""}, {'code': '122712', 'exigence': 'S', 'libelle': 'Immerger un bassin ou un étang'}, {'code': '122282', 'exigence': 'S', 'libelle': ""Installation d'un naissain""}, {'code': '123030', 'exigence': 'S', 'libelle': 'Installer des dispositifs de prévention'}, {'code': '100205', 'exigence': 'S', 'libelle': 'Lecture de carte marine'}, {'code': '119842', 'exigence': 'S', 'libelle': 'Management'}, {'code': '100015', 'exigence': 'S', 'libelle': 'Normes environnementales'}, {'code': '100141', 'exigence': 'S', 'libelle': 'Physiologie animale'}, {'code': '122706', 'exigence': 'S', 'libelle': 'Préparer le matériel adapté'}, {'code': '122861', 'exigence': 'S', 'libelle': 'Préparer un produit au conditionnement'}, {'code': '122860', 'exigence': 'S', 'libelle': ""Récolter le produit d'un élevage""}, {'code': '100151', 'exigence': 'S', 'libelle': 'Réglementation sanitaire'}, {'code': '123028', 'exigence': 'S', 'libelle': ""Repérer la présence de nuisibles et constater la nature et l'étendue des dégâts""}, {'code': '100213', 'exigence': 'S', 'libelle': 'Utilisation de matériel de levage'}, {'code': '120372', 'exigence': 'S', 'libelle': 'Utilisation de matériel de navigation'}]",,,"{'coordonnees1': 'Courriel : david.lecossois@free.fr', 'courriel': 'david.lecossois@free.fr', 'nom': 'LECOSSOIS DAVID ANDRE - M. DAVID LECOSSOIS'}",,2020-01-15T08:31:47+01:00,,,"Poste à pourvoir pour avril 2020
Vous exercerez notamment les fonctions suivante:
-	Criblage
-	Détroquage, triage et calibrage des produits conchylicoles,
-	Conditionnement et emballage des produits conchylicoles,
-	La mise en claires,
-	Entretien courant de l'exploitation et du matériel mis à disposition (parcs, matériel ),
-	Vente des produits conchylicoles,
-	Travaux courants en mer (manipulation de poches ),
-	Encadrement du personnel sur terre et sur mer,
-	Participation à la vente des produits dérivés (dégustations, préparation de plateaux de fruits de mer, visites ostréicoles).

Idéalement, vous possédez le certificat de patron de navire aux cultures marines afin d'être en mesure d'assurer la conduite d'un navire armé aux cultures marines.
",39H Horaires variables,Temps plein,"{'description': 'Huîtres David LECOSSOIS\nChemin des Ostréiculteurs - 85550 La Barre de Monts\nTél: 02 51 68 51 97 / 06 88 31 12 06', 'logo': 'https://entreprise.pole-emploi.fr/static/img/logos/3Le8ZbtqISpufvRP1ehLyeCQeSE154Gm.png', 'nom': 'LECOSSOIS DAVID ANDRE', 'url': 'http://www.huitres-vendee.com/'}",,D,Débutant accepté,"[{'codeFormation': '99999', 'commentaire': 'patron de navire aux culture marines', 'exigence': 'S', 'niveauLibelle': 'Bac ou équivalent'}]",098CTQT,Ostréiculteur / Ostréicultrice (huîtres) (H/F),[],"{'codePostal': '85550', 'commune': '85012', 'latitude': 46.88388889, 'libelle': '85 - LA BARRE DE MONTS', 'longitude': -2.118055554}",Contrat travail,1,"{'origine': '1', 'partenaires': [], 'urlOrigine': 'https://candidat.pole-emploi.fr/offres/recherche/detail/098CTQT'}",,"[{'exigence': 'E', 'libelle': 'B - Véhicule léger Exigé'}]",4,"Ouvrier qualifié (P3,P4,OHQ)","[{'description': 'Capacité à travailler et à se coordonner avec les autres au sein de l’entreprise en confiance et en transparence pour réaliser les objectifs fixés. Exemple : aider ses collègues, savoir demander de l’aide', 'libelle': 'Travail en équipe'}, {'description': 'Capacité à prendre en charge son activité sans devoir être encadré de façon continue. Exemple : travailler efficacement sans responsable', 'libelle': 'Autonomie'}, {'description': 'Capacité à planifier, à prioriser, à anticiper des actions en tenant compte des moyens, des ressources, des objectifs et du calendrier pour les réaliser. Exemple : planifier, ordonner ses actions par priorité', 'libelle': 'Sens de l’organisation'}]",A1404,Aquaculture,"{'libelle': 'Mensuel de 1860,00 Euros à 2100,00 Euros sur 12 mois'}",3.0,Aquaculture en mer,1 ou 2 salariés,CDI,Contrat à durée indéterminée
17,17,17,,,False,Vendeur / Vendeuse en téléphonie,[],,,,2020-01-15T08:19:46+01:00,2020-01-15T08:19:46+01:00,,,"POSTE : Conseiller de Vente H/F
PROFIL : 
DESCRIPTION : Informations générales
SFR Group est un groupe de télécommunications et médias incontournable en France qui applique une stratégie de convergence entre accès et contenus pour offrir une expérience inédite à ses clients.
Il est non seulement le 2e opérateur de télécommunications en France avec le 1er réseau en fibre optique (FTTB/FTTH) et la plus grande couverture 4G du territoire mais également un groupe Média de premier plan présent dans la presse, l'information, le sport et le divertissement.
SFR Group est la filiale en France du groupe Altice.
SFR Distribution fait partie du réseau de distribution de solutions de téléphonie fixe, mobile et multimédias de SFR auprès des particuliers et des professionnels.
Toutes les offres d'emploi sont ouvertes aux personnes en situation de handicap.
Intitulé du poste
Conseiller de Vente H/F - ESPACE SFR PARIS VICTOR HUGO
Description de la mission
Vous intégrez la Direction de la Distribution de SFR en qualité de Conseiller(e) de Vente. Sous la responsabilité du responsable du point de vente, vous êtes le/la 1er ambassadeur de notre marque auprès des clients.
A ce titre, vos principales missions sont :
- Proposer des solutions adaptées en offrant une expérience client personnalisée tout en favorisant l'innovation numérique.
- Réaliser vos objectifs commerciaux et développer le chiffre d'affaires de votre boutique dans le respect des procédures.
mais également :
- Prendre en charge les dossiers SAV.
- Régler les litiges clients.
- Participer à la tenue du point de vente (propreté, assurer la mise en place des produits, des supports de communications...).
- Participer à des ateliers de démonstrations des produits et accessoires.
- Gérer les stocks et participer aux inventaires.
Profil
Bac à Bac +2 commerce ou expérience d'au moins 5 ans dans la vente.
La satisfaction client est votre priorité. Vous êtes reconnu-e pour votre sens du service.
Vos compétences relationnelles et de conseils sont quelques-uns de vos atouts principaux.
Votre sens du service, votre écoute et votre capacitéà travailler en équipe seront les clés de votre réussite.

En bref : Démonstration de produits, Mise en rayon, Vendeur en téléphonie",,Non renseigné,,8,E,Expérience exigée de 5 An(s) (8),"[{'codeFormation': '34554', 'commentaire': 'Pas de commentaire formation', 'domaineLibelle': 'Commerce', 'exigence': 'S', 'niveauLibelle': 'Bac ou équivalent'}]",5907853,Vendeur en téléphonie (H/F),[],"{'codePostal': '75001', 'commune': '75101', 'latitude': 48.856559753, 'libelle': '75 - PARIS 01', 'longitude': 2.350965977}",Contrat travail,1,"{'origine': '2', 'partenaires': [{'logo': 'https://www.pole-emploi.fr/static/img/partenaires/parisjob80.png', 'nom': 'PARISJOB', 'url': 'https://www.parisjob.com/emplois/offre-3375091.html?&utm_source=pole_emploi&utm_medium=flux&utm_campaign=pole_emploi&utm_term=origin'}], 'urlOrigine': 'https://candidat.pole-emploi.fr/offres/recherche/detail/5907853'}",,,X,,,D1212,Vente en décoration et équipement du foyer,{'commentaire': 'Non précisé.'},,,,CDI,Contrat à durée indéterminée
18,18,18,False,{'courriel': 'entreprise.pdl0038@pole-emploi.net'},False,Chef de service logistique,"[{'code': '200076', 'exigence': 'E', 'libelle': 'Conduite des chariots hors production des chariots à conducteur porté de toutes les catégories (CACES R 489-7) - A partir du 01/01/2020'}, {'code': '119858', 'exigence': 'E', 'libelle': 'Contrôler la réception des commandes'}, {'code': '124038', 'exigence': 'E', 'libelle': ""Contrôler une opération d'entreposage""}, {'code': '124009', 'exigence': 'E', 'libelle': 'Coordonner des opérations'}, {'code': '102359', 'exigence': 'E', 'libelle': ""Coordonner l'activité d'une équipe""}, {'code': '118975', 'exigence': 'E', 'libelle': 'Outils bureautiques'}, {'code': '120581', 'exigence': 'E', 'libelle': 'Qualité, Hygiène, Sécurité et Environnement (QHSE)'}, {'code': '123552', 'exigence': 'S', 'libelle': 'Contrôler une opération logistique'}, {'code': '120648', 'exigence': 'S', 'libelle': ""Planifier l'activité du personnel""}, {'code': '124578', 'exigence': 'S', 'libelle': 'Planifier le traitement des commandes'}, {'code': '119106', 'exigence': 'S', 'libelle': ""Réaliser un suivi d'activité""}, {'code': '117521', 'exigence': 'S', 'libelle': 'Suivre la gestion des zones de stockage'}]",,,"{'coordonnees1': '20 RUE DE CORSE', 'coordonnees2': '72100 LE MANS', 'coordonnees3': 'Courriel : entreprise.pdl0038@pole-emploi.net', 'nom': 'Pôle Emploi LE MANS SABLONS'}",,2020-01-15T08:12:25+01:00,1.0,Jamais,"Pour l'ouverture de son site à Allonnes, ID Logistics recherche un chef d'équipe.
Les missions :
- Assurer l'intégration du personnel et la formation initiale
- Suivre et coordonner l'équipe
- Gérer les plannings
- Assurer la formation continue
- Veiller à la productivité et à la qualité de travail de l'équipe
- Faire respecter la sécurité des biens, des personnes et du matériel de manutention
- Suivre les indicateurs (KPI's)
- Capacité à diriger une équipe
- Maîtrise de l'outil informatique
- Maîtriser les procédures de son service
- Polyvalence : Expérience dans l'entrepôt en tant que préparateur, cariste ou pointeur, avec autorisation de conduite et/ou CACES
- Respect des indicateurs qualité et productivité du service
- Taux d'absentéisme
- Taux de qualité
- Respect des objectifs liés à la productivité
- Respect des règles de sécurité 
- Chutes d'objets des racks, collisions, chocs, heurts lors de la circulation dans le bâtiment.",35H Horaires normaux,Temps plein,{'nom': 'GPRH SERVICES'},en management d'équipe,E,2 ans - en management d'équipe,[],098CTLP,Chef d'équipe logistique    (H/F),[],"{'codePostal': '72700', 'commune': '72003', 'latitude': 47.96861111, 'libelle': '72 - ALLONNES', 'longitude': 0.160555555}",Contrat travail,1,"{'origine': '1', 'partenaires': [], 'urlOrigine': 'https://candidat.pole-emploi.fr/offres/recherche/detail/098CTLP'}",,,6,Employé qualifié,"[{'description': 'Capacité à mobiliser une équipe e/ou des interlocuteurs et à les entrainer dans la poursuite d’objectifs partagés. Exemple : être un leader, rassembler', 'libelle': 'Capacité à fédérer'}, {'description': 'Capacité à faire des choix pour agir, à prendre en charge son activité et à rendre compte, sans devoir être encadré de façon continue. Exemple : savoir faire des choix', 'libelle': 'Capacité de décision'}, {'description': 'Capacité à respecter les règles et codes de l’entreprise; à réaliser des tâches en suivant avec précision les procédures et instructions fournies ; à transmettre des informations avec exactitude. Exemple : être ponctuel, respecter les engagements, résister à la distraction', 'libelle': 'Rigueur'}]",N1303,Intervention technique d'exploitation logistique,"{'commentaire': 'Selon profil', 'complement1': 'Selon profil', 'libelle': 'Mensuel de 1925 Euros sur 13 mois'}",70.0,Conseil pour les affaires et autres conseils de gestion,,CDI,Contrat à durée indéterminée
19,19,19,,,False,Technicien itinérant / Technicienne itinérante de maintenance Service Après-Vente -SAV-,[],,,,2020-04-03T09:36:07+02:00,2020-01-15T08:04:23+01:00,,,"Poste :
          Afin de renforcer l'équipe SAV Rhône-Alpes, vous avez le rôle de support technique de terrain auprès de clients notamment dans le domaine de l'Agroalimentaire et de la Pharmaceutique.
A ce titre, vous planifiez les interventions à réaliser sur plusieurs semaines. Par la suite, vous établissez un diagnostic de panne ou de dysfonctionnement et gérez les installations des équipements (centrifugeuses, hottes, étuves, autoclaves, ?.).
De plus, vous réalisez des maintenances préventives et/ou curatives sur ces équipements.
Vous étalonnez et vérifiez les appareils du catalogue et pouvez être amené à participer à la prospection et au développement de nouveaux comptes clients.
Ce poste en itinérance prend en compte le périmètre géographique avec les départements suivants : 69 ; 01 ; 03 ; 21 ;
25 ; 38 ; 39 ; 42 ; 43 ; 58 ; 63 ; 71 ; 73 ; 74 (très peu de découchés à prévoir).
Ce poste est à pouvoir dès que possible dans le cadre d'un CDI. La rémunération brute mensuelle est à négocier selon votre expérience. A cela s'ajoute des primes sur objectifs et une voiture de fonction.",,Non renseigné,,,E,Expérience exigée,[],5907039,TECHNICIEN SAV ITINÉRANT RHÔNE-ALPES  (H/F),[],"{'codePostal': '69008', 'commune': '69388', 'latitude': 45.73472222, 'libelle': '69 - LYON 08', 'longitude': 4.868055554}",Contrat travail,1,"{'origine': '2', 'partenaires': [{'logo': 'https://www.pole-emploi.fr/static/img/partenaires/studyrama80.png', 'nom': 'STUDYRAMA', 'url': 'https://www.studyrama-emploi.com/home_offre_detail.php?id_offre=1614489&amp;utm_source=Partenariat&amp;utm_medium=poleemploi&amp;utm_campaign=1614489'}], 'urlOrigine': 'https://candidat.pole-emploi.fr/offres/recherche/detail/5907039'}",,,X,,,I1304,Installation et maintenance d'équipements industriels et d'exploitation,,,,,CDI,Contrat à durée indéterminée
